image,month,tag
m220318133455235.jpg,03,x
m210306143306206.jpg,03,c
m210326130347720.jpg,03,c
m220311100920215.jpg,03,c
m210329100346407.jpg,03,c
m210325020416365.jpg,03,c
m220309153354862.jpg,03,c
m220306113416549.jpg,03,c
m210327140415326.jpg,03,x
m210314020316700.jpg,03,x
m220320060415696.jpg,03,x
m210305160417523.jpg,03,x
m210310020316922.jpg,03,x
m220307222717268.jpg,03,x
m220531000516156.jpg,05,x
m210529113544726.jpg,05,x
m220512060352881.jpg,05,c
m210503123516260.jpg,05,c
m210526173504842.jpg,05,c
m220531130516897.jpg,05,c
m210514133809824.jpg,05,c
m210528123617028.jpg,05,x
m210516140316138.jpg,05,x
m220508200316205.jpg,05,x
m210512133716769.jpg,05,x
m220509060315954.jpg,05,c
m220523180350373.jpg,05,c
m220511090331627.jpg,05,x
m220127100416819.jpg,01,c
m210116140316554.jpg,01,c
m220106060410297.jpg,01,c
m210124080342137.jpg,01,c
m210120163317153.jpg,01,c
m220126163416725.jpg,01,c
m220110130416233.jpg,01,c
m210102060329450.jpg,01,x
m210102040328336.jpg,01,x
m210115140318582.jpg,01,x
m210123020321330.jpg,01,x
m210101120341158.jpg,01,x
m210101060337652.jpg,01,x
m210129130516742.jpg,01,x
m220621123517015.jpg,06,c
m210623140416345.jpg,06,c
m210608120858323.jpg,06,x
m220625113616601.jpg,06,c
m210626130417007.jpg,06,c
m210604153815573.jpg,06,x
m210616051016256.jpg,06,c
m210613011012219.jpg,06,c
m210603170748189.jpg,06,x
m210609173916174.jpg,06,x
m210622000404669.jpg,06,c
m210604000756290.jpg,06,x
m210611200938820.jpg,06,x
m210608140901354.jpg,06,x
m220227180339315.jpg,02,c
m220218143256699.jpg,02,c
m220202180443840.jpg,02,x
m220226230117171.jpg,02,c
m210207000338716.jpg,02,x
m220227010421626.jpg,02,c
m220226231134344.jpg,02,c
m220226224733974.jpg,02,c
m220210200320180.jpg,02,c
m220221190255720.jpg,02,x
m210212000416421.jpg,02,x
m210207110444853.jpg,02,x
m210203123317479.jpg,02,x
m220215140417387.jpg,02,x
m211118000316524.jpg,11,c
m221127000414663.jpg,11,c
m211120080416123.jpg,11,c
m221106103516806.jpg,11,c
m221106150417281.jpg,11,c
m221125140354806.jpg,11,c
m211116090516907.jpg,11,c
m211114180616334.jpg,11,x
m221116020646534.jpg,11,x
m211116180516954.jpg,11,x
m211104113616497.jpg,11,x
m221103220417060.jpg,11,x
m211125190321494.jpg,11,x
m221130220417046.jpg,11,x
m220424083517212.jpg,04,x
m220425060516687.jpg,04,x
m220429110616461.jpg,04,c
m210419190316690.jpg,04,c
m220418143526746.jpg,04,c
m210404140616756.jpg,04,c
m220404120416803.jpg,04,c
m210415120316670.jpg,04,c
m210420020316554.jpg,04,c
m210429220430841.jpg,04,x
m220424093316635.jpg,04,x
m210430183455628.jpg,04,x
m220423150516381.jpg,04,x
m210429230431779.jpg,04,x
m211223160306992.jpg,12,c
m211215180416563.jpg,12,c
m211213080416897.jpg,12,c
m221217120551935.jpg,12,c
m211201140417096.jpg,12,x
m211221200316617.jpg,12,c
m221221200616511.jpg,12,c
m211205170416466.jpg,12,c
m221205040450366.jpg,12,x
m221203100531662.jpg,12,x
m221216120545498.jpg,12,x
m211209000417568.jpg,12,x
m211208160416747.jpg,12,x
m221216100544685.jpg,12,x
m220906020716732.jpg,09,c
m210910040407585.jpg,09,c
m210903130419361.jpg,09,c
m210921140416654.jpg,09,c
m220922100417395.jpg,09,c
m210913123416623.jpg,09,c
m220923190417019.jpg,09,c
m220903220716566.jpg,09,x
m220929150443714.jpg,09,x
m220929100437075.jpg,09,x
m210920130418578.jpg,09,x
m210916160416318.jpg,09,x
m220903140716680.jpg,09,x
m210919140516681.jpg,09,x
m210715060416493.jpg,07,x
m210727000416856.jpg,07,c
m220728160157952.jpg,07,c
m220708170758092.jpg,07,c
m220721183416370.jpg,07,c
m210709090416185.jpg,07,c
m210723200416683.jpg,07,c
m210728160417361.jpg,07,x
m210709200418092.jpg,07,c
m220728070347958.jpg,07,x
m210726020417157.jpg,07,x
m210708220416410.jpg,07,x
m220728040346276.jpg,07,x
m210727100416173.jpg,07,x
m211025100617171.jpg,10,c
m221012113616712.jpg,10,c
m221015113516632.jpg,10,c
m221012140516746.jpg,10,c
m221019220322770.jpg,10,c
m211020000516368.jpg,10,c
m221005123517209.jpg,10,c
m221027000416262.jpg,10,x
m211011000151208.jpg,10,x
m221014220616645.jpg,10,x
m221021200345689.jpg,10,x
m211020180516558.jpg,10,x
m221022060349771.jpg,10,x
m221024020415754.jpg,10,x
m210807100517018.jpg,08,c
m220813113522814.jpg,08,c
m220812060517043.jpg,08,c
m210810143516800.jpg,08,c
m220812150516414.jpg,08,c
m210818093216527.jpg,08,c
m220808100514089.jpg,08,c
m210803090516492.jpg,08,x
m210804140515582.jpg,08,x
m210804020517137.jpg,08,x
m210819230417322.jpg,08,x
m220818180727259.jpg,08,x
m210808020516358.jpg,08,x
m220818140623420.jpg,08,x
